{
  "분석일시": "2025-12-03 08:50:28",
  "총_노선수": 67,
  "분석_지역수": 23,
  "총_이용객": 70195387,
  "평균_배차간격_분": 24.472972972972972,
  "평균_운행횟수_일": 28.21641791044776,
  "최적화_최우선_노선수": 2,
  "최적화_필요_노선수": 8,
  "양호_노선수": 57,
  "배차적정성_평가": {
    "적정": 22,
    "부족": 12,
    "심각부족": 3,
    "정보없음": 30
  },
  "개선가능_수요": 30655007
}