행정구역,승차,하차,환승,총_이용객,위도,경도,건물수,최단거리_km,커버여부,최인접정류장
금남면,833910,674777,96217,1508687,36.45470547400584,127.29228850731104,6532,0.7515577754232684,0,발산리
반곡동,1856244,1716009,143914,3572253,36.526619221838565,127.2699922070016,117,0.573565671489161,0,해밀리
소정면,70562,43052,857,113614,36.71294139639835,127.1663786974725,1911,1.0378031203569063,0,소정면우체국
장군면,690749,439048,47110,1129797,36.50685844696168,127.20905905955792,5883,0.5303252957585509,0,대교1리(밤실입구)
전동면,237121,188398,7656,425519,36.65146674858409,127.25289848721694,4932,0.8569260712329221,0,석곡리
